Twitter,State,Party,Type,Name,twitter_display_name
JeffFlake,AZ,Republican,Senator,Jeff Flake,Jeff Flake
SenJonKyl,AZ,Republican,Senator,Jon Kyl,U.S. Senator Jon Kyl
reppeteaguilar,CA,Democrat,Representative,Peter Aguilar,Rep. Pete Aguilar
repcardenas,CA,Democrat,Representative,Tony Cardenas,Rep. Tony Cárdenas
DarrellIssa,CA,Republican,Representative,Darrell Issa,Darrell Issa
SteveKnight25,CA,Republican,Representative,Steve Knight,Steve Knight
DanaRohrabacher,CA,Republican,Representative,Dana Rohrabacher,Dana Rohrabacher
RepEdRoyce,CA,Republican,Representative,Ed Royce,Ed Royce
RepDavidValadao,CA,Republican,Representative,David Valadao,Rep. David Valadao
RepMikeCoffman,CO,Republican,Representative,Mike Coffman,Mike Coffman
RepJaredPolis,CO,Democrat,Representative,Jared Polis,Former Rep. Jared Polis
ChrisCoons,DE,Democrat,Senator,Christopher Coons,Senator Chris Coons
repcharliecrist,FL,Democrat,Representative,Charles Crist,Congressman Charlie Crist
TomRooney,FL,Republican,Representative,Tom Rooney,Tom Rooney
RosLehtinen,FL,Republican,Representative,Ileana Ros-Lehtinen,Ileana Ros-Lehtinen
SenBillNelson,FL,Democrat,Senator,Bill Nelson,Bill Nelson
sanfordbishop,GA,Democrat,Representative,Sanford Bishop,"Sanford Bishop, Jr."
SenatorIsakson,GA,Republican,Senator,Johnny Isakson,Johnny Isakson
ColleenHanabusa,HI,Democrat,Representative,Colleen Hanabusa,Colleen Hanabusa
RepRodBlum,IA,Republican,Representative,Rodney Blum,Rod Blum
RepDavidYoung,IA,Republican,Representative,David Young,David Young
Raul_Labrador,ID,Republican,Representative,Raul Labrador,Raúl R. Labrador
RepGutierrez,IL,Democrat,Representative,Luis Gutierrez,Luis V. Gutierrez
RepHultgren,IL,Republican,Representative,Randy Hultgren,Rep. Randy Hultgren
PeterRoskam,IL,Republican,Representative,Peter Roskam,Peter Roskam
repandrecarson,IN,Democrat,Representative,Andre Carson,André Carson
ToddRokita,IN,Republican,Representative,Todd Rokita,Todd Rokita (Archived)
SenDonnelly,IN,Democrat,Senator,Joe Donnelly,Archive: Senator Joe Donnelly
nikiinthehouse,MA,Democrat,Representative,Niki Tsongas,Mark James
RepCummings,MD,Democrat,Representative,Elijah Cummings,Elijah E. Cummings
RepJohnDelaney,MD,Democrat,Representative,John Delaney,Archive: Rep. John Delaney
RepPoliquin,ME,Republican,Representative,Bruce Poliquin,Rep. Bruce Poliquin
RepJackBergman,MI,Republican,Representative,John Bergman,Rep. Jack Bergman
repsandylevin,MI,Democrat,Representative,Sandy Levin,Rep. Sandy Levin
keithellison,MN,Democrat,Representative,Keith Ellison,Keith Ellison
USRepRickNolan,MN,Democrat,Representative,Rick Nolan,Fmr. US Rep. Rick Nolan
ErikPaulsen,MN,Republican,Representative,Erik Paulsen,Erik Paulsen
RepTimWalz,MN,Democrat,Representative,Tim Walz,Fmr. Rep. Tim Walz
lacyclaymo1,MO,Democrat,Representative,Lacy Clay,Lacy Clay MO1st
ClairecMc,MO,Democrat,Senator,Claire McCaskill,Claire McCaskill
GreggHarper,MS,Republican,Representative,Gregg Harper,Gregg Harper
RepWalterJones,NC,Republican,Representative,Walter Jones,Rep. Walter Jones
RepMarkMeadows,NC,Republican,Representative,Mark Meadows,Mark Meadows
reppittenger,NC,Republican,Representative,Robert Pittenger,Congressman Robert Pittenger
SenatorHeitkamp,ND,Democrat,Senator,Heidi Heitkamp,Archive: Sen. Heidi Heitkamp
RepSheaPorter,NH,Democrat,Representative,Carol Shea-Porter,Rep. Shea-Porter
RepLanceNJ7,NJ,Republican,Representative,Leonard Lance,Rep. Leonard Lance
RepTomMacArthur,NJ,Republican,Representative,Thomas MacArthur,Archive: Tom MacArthur
RepLujanGrisham,NM,Democrat,Representative,Michelle Lujan Grisham,MichelleLujanGrisham
RubenKihuen,NV,Democrat,Representative,Ruben Kihuen,Ruben J. Kihuen
RosenforNevada,NV,Democrat,Representative,Jacklyn Rosen,Jacky Rosen
sencortezmasto,NV,Democrat,Senator,Catherine Cortez Masto,Senator Cortez Masto
SenDeanHeller,NV,Republican,Senator,Dean Heller,Dean Heller
YvetteClarke,NY,Democrat,Representative,Yvette Clarke,Yvette Clarke
RepDanDonovan,NY,Republican,Representative,Daniel Donovan,Archive: Dan Donovan
JohnFasoNY,NY,Republican,Representative,John Faso,John Faso
ClaudiaTenney,NY,Republican,Representative,Claudia Tenney,Claudia Tenney
RepJimRenacci,OH,Republican,Representative,Jim Renacci,Rep. Jim Renacci
RepRussell,OK,Republican,Representative,Steve Russell,Rep. Steve Russell
JimInhofe,OK,Republican,Senator,James Inhofe,Sen. Jim Inhofe
reploubarletta,PA,Republican,Representative,Lou Barletta,Lou Barletta
RepFitzpatrick,PA,Republican,Representative,Brian Fitzpatrick,Mike Fitzpatrick
RepTomMarino,PA,Republican,Representative,Tom Marino,Korey Young
KeithRothfus,PA,Republican,Representative,Keith Rothfus,Keith Rothfus
SenatorSmucker,PA,Republican,Representative,Lloyd Smucker,Senator S
TGowdySC,SC,Republican,Representative,Trey Gowdy,Trey Gowdy
RepSanfordSC,SC,Republican,Representative,Mark Sanford,Mark Sanford (Archived)
RepDianeBlack,TN,Republican,Representative,Diane Black,Diane Black
RepJohnDuncanJr,TN,Republican,Representative,John Duncan,Rep John Duncan Jr.
SenBobCorker,TN,Republican,Senator,Bob Corker,Senator Bob Corker
RepJoeBarton,TX,Republican,Representative,Joe Barton,Joe Barton
RepHensarling,TX,Republican,Representative,Jeb Hensarling,Archive: Rep. Jeb Hensarling
SamsPressShop,TX,Republican,Representative,Sam Johnson,Sam Johnson
RepBetoORourke,TX,Democrat,Representative,Beto O'Rourke,Rep. Beto O'Rourke
JudgeTedPoe,TX,Republican,Representative,Ted Poe,Ted Poe
PeteSessions,TX,Republican,Representative,Pete Sessions,Pete Sessions
LamarSmithTX21,TX,Republican,Representative,Lamar Smith,Lamar Smith
SenOrrinHatch,UT,Republican,Senator,Orrin Hatch,Senator Hatch Office
RepComstock,VA,Republican,Representative,Barbara Comstock,Barbara Comstock
GarrettforVA,VA,Republican,Representative,Thomas Garrett,Tom Garrett
RepGoodlatte,VA,Republican,Representative,Bob Goodlatte,Bob Goodlatte
ScotttaylorVA,VA,Republican,Representative,Scott Taylor,Scott Taylor TEXT “Taylor” to 41411
SenatorLeahy,VT,Democrat,Senator,Patrick Leahy,Sen. Patrick Leahy
TeamReichert,WA,Republican,Representative,Dave Reichert,Team Reichert
SenShelby,AL,Republican,Senator,Richard Shelby,Richard Shelby
DougJones,AL,Democrat,Senator,Doug Jones,Doug Jones
RepByrne,AL,Republican,Representative,Bradley Byrne,Rep. Bradley Byrne
RepMarthaRoby,AL,Republican,Representative,Martha Roby,Rep. Martha Roby
RepMikeRogersAL,AL,Republican,Representative,Mike Rogers,Mike Rogers
Robert_Aderholt,AL,Republican,Representative,Robert Aderholt,Robert Aderholt
RepMoBrooks,AL,Republican,Representative,Mo Brooks,Mo Brooks
USRepGaryPalmer,AL,Republican,Representative,Gary Palmer,Gary Palmer
RepTerriSewell,AL,Democrat,Representative,Terri A. Sewell,Rep. Terri A. Sewell
SenDanSullivan,AK,Republican,Senator,Dan Sullivan,Sen. Dan Sullivan
lisamurkowski,AK,Republican,Senator,Lisa Murkowski,Sen. Lisa Murkowski
RepDonYoung,AK,Republican,Representative,Don Young,Rep. Don Young
RepAmata,AS,Republican,Representative,Amata Radewagen,Rep. Aumua Amata🇦🇸
SenMcSallyAZ,AZ,Republican,Senator,Martha McSally,Martha McSally
SenatorSinema,AZ,Democrat,Senator,Kyrsten Sinema,Kyrsten Sinema
TomOHalleran,AZ,Democrat,Representative,Tom O'Halleran,Tom O'Halleran
RepKirkPatrick,AZ,Democrat,Representative,Ann Kirkpatrick,Rep. Ann Kirkpatrick
RepRaulGrijalva,AZ,Democrat,Representative,Raul Grijalva,Raul M. Grijalva
RepGosar,AZ,Republican,Representative,Paul A. Gosar,"Rep. Paul Gosar, DDS"
AndyBiggs4AZ,AZ,Republican,Representative,Andy Biggs,Andy Biggs
RepDavid,AZ,Republican,Representative,David Schweikert,Rep. David Schweikert
RepRubenGallego,AZ,Democrat,Representative,Ruben Gallego,Ruben Gallego
RepDLesko,AZ,Republican,Representative,Debbie Lesko,Congresswoman Debbie Lesko
RepGregStanton,AZ,Democrat,Representative,Greg Stanton,Rep. Greg Stanton
SenTomCotton,AR,Republican,Senator,Tom Cotton,Tom Cotton
JohnBoozman,AR,Republican,Senator,John Boozman,Senator John Boozman
RepRickCrawford,AR,Republican,Representative,Rick Crawford,Rep Rick Crawford
RepFrenchHill,AR,Republican,Representative,French Hill,French Hill
rep_stevewomack,AR,Republican,Representative,Steve Womack,Rep. Steve Womack
RepWesterman,AR,Republican,Representative,Bruce Westerman,Rep. Bruce Westerman
SenFeinstein,CA,Democrat,Senator,Dianne Feinstein,Senator Dianne Feinstein
KamalaHarris,CA,Democrat,Senator,Kamala Harris,Kamala Harris
RepLaMalfa,CA,Republican,Representative,Doug LaMalfa,Rep. Doug LaMalfa
RepHuffman,CA,Democrat,Representative,Jared Huffman,Rep. Jared Huffman
RepGaramendi,CA,Democrat,Representative,John Garamendi,John Garamendi
RepMcClintock,CA,Republican,Representative,Tom McClintock,Tom McClintock
RepThompson,CA,Democrat,Representative,Mike Thompson,Mike (Wear A Mask) Thompson
DorisMatsui,CA,Democrat,Representative,Doris O. Matsui,Rep. Doris Matsui
RepBera,CA,Democrat,Representative,Ami Bera,"Ami Bera, M.D."
RepPaulCook,CA,Republican,Representative,Paul Cook,Rep. Paul Cook
RepMcNerney,CA,Democrat,Representative,Jerry McNerney,Jerry McNerney
RepJoshHarder,CA,Democrat,Representative,Josh Harder,Rep. Josh Harder
RepDeSaulnier,CA,Democrat,Representative,Mark DeSaulnier,Mark DeSaulnier
SpeakerPelosi,CA,Democrat,Representative,Nancy Pelosi,Nancy Pelosi
RepBarbaraLee,CA,Democrat,Representative,Barbara Lee,Rep. Barbara Lee
RepSpeier,CA,Democrat,Representative,Jackie Speier,Jackie Speier
RepSwalwell,CA,Democrat,Representative,Eric Swalwell,Rep. Eric Swalwell
RepJimCosta,CA,Democrat,Representative,Jim Costa,Rep. Jim Costa
RoKhannaUSA,CA,Democrat,Representative,Ro Khanna,Ro Khanna
RepAnnaEshoo,CA,Democrat,Representative,Anna G. Eshoo,Rep. Anna G. Eshoo
RepZoeLofgren,CA,Democrat,Representative,Zoe Lofgren,Rep. Zoe Lofgren
JimmyPanetta,CA,Democrat,Representative,Jimmy Panetta,Jimmy Panetta
RepTJCox,CA,Democrat,Representative,TJ Cox,Congressman TJ Cox
DevinNunes,CA,Republican,Representative,Devin Nunes,Devin Nunes
GOPLeader,CA,Republican,Representative,Kevin McCarthy,Kevin McCarthy
CarbajalSalud,CA,Democrat,Representative,Salud Carbajal,Salud Carbajal
MikeGarcia2020,CA,Republican,Representative,Mike Garcia,Mike Garcia
RepBrownley,CA,Democrat,Representative,Julia Brownley,Congresswoman Julia Brownley
RepJudyChu,CA,Democrat,Representative,Judy Chu,Judy Chu
RepAdamSchiff,CA,Democrat,Representative,Adam Schiff,Adam Schiff
RepCardenas,CA,Democrat,Representative,Tony Cárdenas,Rep. Tony Cárdenas
BradSherman,CA,Democrat,Representative,Brad Sherman,Rep. Brad Sherman
RepPeteAguilar,CA,Democrat,Representative,Pete Aguilar,Rep. Pete Aguilar
gracenapolitano,CA,Democrat,Representative,Grace Napolitano,Rep.Grace Napolitano
RepTedLieu,CA,Democrat,Representative,Ted Lieu,Rep. Ted Lieu 😷
RepJimmyGomez,CA,Democrat,Representative,Jimmy Gomez,Rep. Jimmy Gomez
NormaJTorres,CA,Democrat,Representative,Norma Torres,Rep. Norma Torres
RepRaulRuizMD,CA,Democrat,Representative,Raul Ruiz,Raul Ruiz
RepKarenBass,CA,Democrat,Representative,Karen Bass,Congressmember Bass
RepLindaSanchez,CA,Democrat,Representative,Linda Sánchez,Rep. Linda Sánchez
RepGilCisneros,CA,Democrat,Representative,Gilbert Ray Jr. Cisneros,Rep. Gil Cisneros
RepRoybalAllard,CA,Democrat,Representative,Lucille Roybal-Allard,Rep. Lucille Roybal-Allard
RepMarkTakano,CA,Democrat,Representative,Mark Takano,Mark Takano
KenCalvert,CA,Republican,Representative,Ken Calvert,Ken Calvert
MaxineWaters,CA,Democrat,Representative,Maxine Waters,Maxine Waters
Nanette4CA,CA,Democrat,Representative,Nanette Barragan,Nanette Barragán
RepKatiePorter,CA,Democrat,Representative,Katie Porter,Rep. Katie Porter
RepLouCorrea,CA,Democrat,Representative,Lou Correa,Rep. Lou Correa
RepLowenthal,CA,Democrat,Representative,Alan Lowenthal,Rep. Alan Lowenthal
RepHarley,CA,Democrat,Representative,Harley Rouda,Rep. Harley Rouda
RepMikeLevin,CA,Democrat,Representative,Mike Levin,Rep. Mike Levin
RepJuanVargas,CA,Democrat,Representative,Juan Vargas,Rep. Juan Vargas
RepScottPeters,CA,Democrat,Representative,Scott Peters,Rep. Scott Peters
RepSusanDavis,CA,Democrat,Representative,Susan Davis,Rep. Susan Davis
MichaelBennet,CO,Democrat,Senator,Michael Bennet,Michael Bennet
SenCoryGardner,CO,Republican,Senator,Cory Gardner,Cory Gardner
RepDianaDeGette,CO,Democrat,Representative,Diana DeGette,Rep. Diana DeGette
RepJoeNeguse,CO,Democrat,Representative,Joe Neguse,Rep. Joe Neguse
RepTipton,CO,Republican,Representative,Scott Tipton,Rep. Scott Tipton
RepKenBuck,CO,Republican,Representative,Ken Buck,Congressman Ken Buck
RepDLamborn,CO,Republican,Representative,Doug Lamborn,Rep. Doug Lamborn
RepJasonCrow,CO,Democrat,Representative,Jason Crow,Rep. Jason Crow
RepPerlmutter,CO,Democrat,Representative,Ed Perlmutter,Rep. Ed Perlmutter
ChrisMurphyCT,CT,Democrat,Senator,Chris Murphy,Chris Murphy
SenBlumenthal,CT,Democrat,Senator,Richard Blumenthal,Richard Blumenthal
RepJohnLarson,CT,Democrat,Representative,John B. Larson,Rep. John Larson
RepJoeCourtney,CT,Democrat,Representative,Joe Courtney,Rep. Joe Courtney
rosadelauro,CT,Democrat,Representative,Rosa L. DeLauro,Rosa DeLauro
jahimes,CT,Democrat,Representative,Jim Himes,Jim Himes
RepJahanaHayes,CT,Democrat,Representative,Jahana Hayes,Jahana Hayes
SenCoonsOffice,DE,Democrat,Senator,Chris Coons,Office of Sen. Coons
SenatorCarper,DE,Democrat,Senator,Tom Carper,Senator Tom Carper
LisaBRochester,DE,Democrat,Representative,Lisa Blunt Rochester,Lisa Blunt Rochester
EleanorNorton,DC,Democrat,Representative,Eleanor Holmes Norton,Eleanor #DCStatehood Holmes Norton
marcorubio,FL,Republican,Senator,Marco Rubio,Marco Rubio
ScottforFlorida,FL,Republican,Senator,Rick Scott,Rick Scott
MattGaetz,FL,Republican,Representative,Matt Gaetz,Matt Gaetz
DrNealDunnFL2,FL,Republican,Representative,Neal Dunn,Dr. Neal Dunn
RepTedYoho,FL,Republican,Representative,Ted Yoho,Ted Yoho
JRutherfordFL,FL,Republican,Representative,John Rutherford,John Rutherford
AlLawsonJr,FL,Democrat,Representative,Al Lawson,Al Lawson
RepMichaelWaltz,FL,Republican,Representative,Michael Waltz,Rep. Michael Waltz
SMurphyCongress,FL,Democrat,Representative,Stephanie Murphy,Stephanie Murphy
congbillposey,FL,Republican,Representative,Bill Posey,Bill Posey
RepDarrenSoto,FL,Democrat,Representative,Darren Soto,US Rep. Darren Soto
Val_Demings,FL,Democrat,Representative,Val Demings,Val Demings
RepWebster,FL,Republican,Representative,Daniel Webster,Daniel Webster
RepGusBilirakis,FL,Republican,Representative,Gus M. Bilirakis,Gus Bilirakis
CharlieCrist,FL,Democrat,Representative,Charlie Crist,Charlie Crist
USRepKCastor,FL,Democrat,Representative,Kathy Castor,US Rep Kathy Castor
RepRossSpano,FL,Republican,Representative,Ross Spano,Congressman Ross Spano
VernBuchanan,FL,Republican,Representative,Vern Buchanan,Rep. Vern Buchanan
RepGregSteube,FL,Republican,Representative,W. Gregory Steube,Congressman Greg Steube
BrianMastFL,FL,Republican,Representative,Brian Mast,Brian Mast
FrancisRooney,FL,Republican,Representative,Francis Rooney,Francis Rooney
RepHastingsFL,FL,Democrat,Representative,Alcee L. Hastings,Alcee L. Hastings
RepLoisFrankel,FL,Democrat,Representative,Lois Frankel,Rep. Lois Frankel
RepTedDeutch,FL,Democrat,Representative,Ted Deutch,Rep. Ted Deutch
RepDWStweets,FL,Democrat,Representative,Debbie Wasserman Schultz,Rep. Debbie Wasserman Schultz
RepWilson,FL,Democrat,Representative,Frederica Wilson,Rep Frederica Wilson
MarioDB,FL,Republican,Representative,Mario Diaz-Balart,Mario Diaz-Balart
RepDMP,FL,Democrat,Representative,Debbie Mucarsel-Powell,Rep. Debbie Mucarsel-Powell
RepShalala,FL,Democrat,Representative,Donna E. Shalala,Rep. Donna E. Shalala
sendavidperdue,GA,Republican,Senator,David Perdue,David Perdue
SenatorLoeffler,GA,Republican,Senator,Kelly Loeffler,Senator Kelly Loeffler
RepBuddyCarter,GA,Republican,Representative,Buddy Carter,Buddy Carter
SanfordBishop,GA,Democrat,Representative,Sanford D. Bishop Jr.,"Sanford Bishop, Jr."
DrewFergusonGA,GA,Republican,Representative,Drew Ferguson,Drew Ferguson
RepHankJohnson,GA,Democrat,Representative,Henry C. “Hank” Jr. Johnson,Rep. Hank Johnson
repjohnlewis,GA,Democrat,Representative,John Lewis,John Lewis
RepLucyMcBath,GA,Democrat,Representative,Lucy McBath,Rep. Lucy McBath
RepRobWoodall,GA,Republican,Representative,Robert Woodall,Rob Woodall
AustinScottGA08,GA,Republican,Representative,Austin Scott,Rep. Austin Scott
RepDougCollins,GA,Republican,Representative,Doug Collins,Rep. Doug Collins
CongressmanHice,GA,Republican,Representative,Jody Hice,Rep. Jody Hice
RepLoudermilk,GA,Republican,Representative,Barry Loudermilk,Rep. Barry Loudermilk
RepRickAllen,GA,Republican,Representative,Rick Allen,Rick W. Allen
repdavidscott,GA,Democrat,Representative,David Scott,David Scott
RepTomGraves,GA,Republican,Representative,Tom Graves,Tom Graves
GuamCongressman,GU,Democrat,Representative,Michael F.Q. San Nicolas,Michael F.Q. San Nicolas
SenBrianSchatz,HI,Democrat,Senator,Brian Schatz,Senator Brian Schatz
maziehirono,HI,Democrat,Senator,Mazie Hirono,Senator Mazie Hirono
RepEdCase,HI,Democrat,Representative,Ed Case,Rep. Ed Case
TulsiPress,HI,Democrat,Representative,Tulsi Gabbard,Rep. Tulsi Gabbard
SenatorRisch,ID,Republican,Senator,Jim Risch,Jim Risch
MikeCrapo,ID,Republican,Senator,Mike Crapo,Senator Mike Crapo
RepRussFulcher,ID,Republican,Representative,Russ Fulcher,Rep. Russ Fulcher
CongMikeSimpson,ID,Republican,Representative,Mike Simpson,Cong. Mike Simpson
SenDuckworth,IL,Democrat,Senator,Tammy Duckwort,Tammy Duckworth
SenatorDurbin,IL,Democrat,Senator,Richard Durbin,Senator Dick Durbin
RepBobbyRush,IL,Democrat,Representative,Bobby L. Rush,Bobby L. Rush
RepRobinKelly,IL,Democrat,Representative,Robin Kelly,Robin Kelly
RepLipinski,IL,Democrat,Representative,Daniel Lipinski,Rep. Daniel Lipinski
RepChuyGarcia,IL,Democrat,Representative,Jesus “Chuy” Garcia,Congressman Chuy García
RepMikeQuigley,IL,Democrat,Representative,Mike Quigley,Mike Quigley
RepCasten,IL,Democrat,Representative,Sean Casten,Rep. Sean Casten
RepDannyDavis,IL,Democrat,Representative,Danny K. Davis,Rep. Danny K. Davis
RajaForCongress,IL,Democrat,Representative,Raja Krishnamoorthi,Raja for Congress
janschakowsky,IL,Democrat,Representative,Jan Schakowsky,Jan Schakowsky
RepSchneider,IL,Democrat,Representative,Bradley Schneider,Rep. Brad Schneider
RepBillFoster,IL,Democrat,Representative,Bill Foster,Bill Foster
RepBost,IL,Republican,Representative,Mike Bost,Rep. Mike Bost
RodneyDavis,IL,Republican,Representative,Rodney Davis,US Rep Rodney Davis
RepUnderwood,IL,Democrat,Representative,Lauren Underwood,Rep. Lauren Underwood
RepShimkus,IL,Republican,Representative,John Shimkus,John Shimkus
RepKinzinger,IL,Republican,Representative,Adam Kinzinger,Adam Kinzinger
RepCheri,IL,Democrat,Representative,Cheri Bustos,Rep. Cheri Bustos
ElectLaHood,IL,Republican,Representative,Darin LaHood,Darin LaHood
Braun4Indiana,IN,Republican,Senator,Mike Braun,Mike Braun
SenToddYoung,IN,Republican,Senator,Todd Young,Senator Todd Young
RepVisclosky,IN,Democrat,Representative,Peter Visclosky,Rep. Pete Visclosky
RepWalorski,IN,Republican,Representative,Jackie Walorski,Jackie Walorski
Jim_Banks,IN,Republican,Representative,Jim Banks,Jim Banks
RepJimBaird,IN,Republican,Representative,James Baird,Congressman Jim Baird
SusanWBrooks,IN,Republican,Representative,Susan W. Brooks,Susan W. Brooks
RepGregPence,IN,Republican,Representative,Greg Pence,Rep. Greg Pence
RepAndreCarson,IN,Democrat,Representative,André Carson,André Carson
RepLarryBucshon,IN,Republican,Representative,Larry Bucshon,"Larry Bucshon, MD"
VoteForTrey,IN,Republican,Representative,Trey Hollingsworth,Trey Hollingsworth
ChuckGrassley,IA,Republican,Senator,Chuck Grassley,ChuckGrassley
SenJoniErnst,IA,Republican,Senator,Joni Ernst,Joni Ernst
RepFinkenauer,IA,Democrat,Representative,Abby Finkenauer,Abby Finkenauer
daveloebsack,IA,Democrat,Representative,David Loebsack,Dave Loebsack
RepCindyAxne,IA,Democrat,Representative,Cynthia Axne,Rep. Cindy Axne
SteveKingIA,IA,Republican,Representative,Steve King,Steve King
SenPatRoberts,KS,Republican,Senator,Pat Roberts,Senator Pat Roberts
JerryMoran,KS,Republican,Senator,Jerry Moran,Senator Jerry Moran
RogerMarshallMD,KS,Republican,Representative,Roger Marshall,Dr. Roger Marshall
Rep_Watkins,KS,Republican,Representative,Steve Watkins,Rep. Steve Watkins
RepDavids,KS,Democrat,Representative,Sharice Davids,Rep. Sharice Davids
RepRonEstes,KS,Republican,Representative,Ron Estes,Rep. Ron Estes
RandPaul,KY,Republican,Senator,Rand Paul,Senator Rand Paul
McConnellPress,KY,Republican,Senator,Mitch McConnell,Senator McConnell Press
JamesComer,KY,Republican,Representative,James Comer,James Comer
RepGuthrie,KY,Republican,Representative,S. Brett Guthrie,Rep. Brett Guthrie
RepJohnYarmuth,KY,Democrat,Representative,John A. Yarmuth,Rep. John Yarmuth
RepThomasMassie,KY,Republican,Representative,Thomas Massie,Thomas Massie
RepAndyBarr,KY,Republican,Representative,Andy Barr,Rep. Andy Barr
JohnKennedyLA,LA,Republican,Senator,John Kennedy,John Neely Kennedy
BillCassidy,LA,Republican,Senator,Bill Cassidy,"Bill Cassidy, M.D."
SteveScalise,LA,Republican,Representative,Steve Scalise,Steve Scalise
RepRichmond,LA,Democrat,Representative,Cedric Richmond,Rep Cedric Richmond
CaptClayHIggins,LA,Republican,Representative,Clay Higgins,Clay Higgins
RepMikeJohnson,LA,Republican,Representative,Mike Johnson,Rep. Mike Johnson
RepAbraham,LA,Republican,Representative,Ralph Abraham,Rep. Ralph Abraham
RepGarretGraves,LA,Republican,Representative,Garret Graves,Rep. Garret Graves
SenAngusKing,ME,Independent,Senator,Angus King,Senator Angus King
SenatorCollins,ME,Republican,Senator,Susan Collins,Sen. Susan Collins
chelliepingree,ME,Democrat,Representative,Chellie Pingree,Congresswoman Chellie Pingree
RepGolden,ME,Democrat,Representative,Jared Golden,Congressman Jared Golden
ChrisVanHollen,MD,Democrat,Senator,Chris Van Hollen,Senator Chris Van Hollen
SenatorCardin,MD,Democrat,Senator,Benjamin Cardin,Senator Ben Cardin
RepAndyHarrisMD,MD,Republican,Representative,Andy Harris,"Rep. Andy Harris, MD"
Call_Me_Dutch,MD,Democrat,Representative,C. A. Dutch Ruppersberger,Dutch Ruppersberger
RepSarbanes,MD,Democrat,Representative,John P. Sarbanes,Rep. John Sarbanes
RepAnthonyBrown,MD,Democrat,Representative,Anthony Brown,Anthony Brown
LeaderHoyer,MD,Democrat,Representative,Steny H. Hoyer,Steny (Wear a Mask) Hoyer
RepDavidTrone,MD,Democrat,Representative,David Trone,Rep. David Trone
Mfume4Congress,MD,Democrat,Representative,Kweisi Mfume,Kweisi Mfume
Jamie_Raskin,MD,Democrat,Representative,Jamie Raskin,Jamie Raskin
SenWarren,MA,Democrat,Senator,Elizabeth Warren,Elizabeth Warren
SenMarkey,MA,Democrat,Senator,Edward Markey,Ed Markey
RepRichardNeal,MA,Democrat,Representative,Richard E. Neal,Rep. Richard Neal
RepMcGovern,MA,Democrat,Representative,James McGovern,Rep. Jim McGovern
RepLoriTrahan,MA,Democrat,Representative,Lori Trahan,Congresswoman Lori Trahan
RepJoeKennedy,MA,Democrat,Representative,Joseph P. Kennedy III,Rep. Joe Kennedy III
RepKClark,MA,Democrat,Representative,Katherine Clark,Katherine Clark
teammoulton,MA,Democrat,Representative,Seth Moulton,TeamMoulton
RepPressley,MA,Democrat,Representative,Ayanna Pressley,Congresswoman Ayanna Pressley
RepStephenLynch,MA,Democrat,Representative,Stephen F. Lynch,Rep. Stephen Lynch
USRepKeating,MA,Democrat,Representative,William Keating,Congressman Bill Keating
SenStabenow,MI,Democrat,Senator,Debbie Stabenow,Sen. Debbie Stabenow
SenGaryPeters,MI,Democrat,Senator,Gary Peters,Senator Gary Peters
JackBergman_MI1,MI,Republican,Representative,Jack Bergman,Jack Bergman
RepHuizenga,MI,Republican,Representative,Bill Huizenga,Rep. Bill Huizenga
justinamash,MI,Libertarian,Representative,Justin Amash,Justin Amash
RepMoolenaar,MI,Republican,Representative,John Moolenaar,Rep. John Moolenaar
RepDanKildee,MI,Democrat,Representative,Daniel Kildee,Rep. Dan Kildee
RepFredUpton,MI,Republican,Representative,Fred Upton,Fred Upton #WearYourMask
RepWalberg,MI,Republican,Representative,Tim Walberg,Rep Tim Walberg
RepSlotkin,MI,Democrat,Representative,Elissa Slotkin,Rep. Elissa Slotkin
RepAndyLevin,MI,Democrat,Representative,Andy Levin,Rep. Andy Levin
PaulMitchell4us,MI,Republican,Representative,Paul Mitchell,Paul Mitchell
RepHaleyStevens,MI,Democrat,Representative,Haley Stevens,Rep. Haley Stevens
RepDebDingell,MI,Democrat,Representative,Debbie Dingell,Rep. Debbie Dingell
RepRashida,MI,Democrat,Representative,Rashida Tlaib,Congresswoman Rashida Tlaib
RepLawrence,MI,Democrat,Representative,Brenda Lawrence,Brenda Lawrence
amyklobuchar,MN,Democrat,Senator,Amy Klobuchar,Amy Klobuchar
SenTinaSmith,MN,Democrat,Senator,Tina Smith,Senator Tina Smith
RepHagedorn,MN,Republican,Representative,Jim Hagedorn,Congressman Jim Hagedorn
RepAngieCraig,MN,Democrat,Representative,Angie Craig,Angie Craig
RepDeanPhillips,MN,Democrat,Representative,Dean Phillips,Rep. Dean Phillips 🇺🇸
BettyMcCollum04,MN,Democrat,Representative,Betty McCollum,Rep. Betty McCollum
IlhanMN,MN,Democrat,Representative,Ilhan Omar,Ilhan Omar
RepTomEmmer,MN,Republican,Representative,Tom Emmer,Tom Emmer
collinpeterson,MN,Democrat,Representative,Collin C. Peterson,Collin Peterson
RepPeteStauber,MN,Republican,Representative,Pete Stauber,Pete Stauber
SenatorWicker,MS,Republican,Senator,Roger Wicker,Senator Roger Wicker
SenHydeSmith,MS,Republican,Senator,Cindy Hyde-Smith,U.S. Senator Cindy Hyde-Smith
RepTrentKelly,MS,Republican,Representative,Trent Kelly,Trent Kelly
BennieGThompson,MS,Democrat,Representative,Bennie G. Thompson,Bennie G. Thompson
RepMichaelGuest,MS,Republican,Representative,Michael Guest,Congressman Michael Guest
CongPalazzo,MS,Republican,Representative,Steven Palazzo,Cong. Steven Palazzo
HawleyMO,MO,Republican,Senator,Josh Hawley,Josh Hawley
RoyBlunt,MO,Republican,Senator,Roy Blunt,Senator Roy Blunt
LacyClayMO1,MO,Democrat,Representative,William “Lacy” Clay Jr.,Lacy Clay MO1st
RepAnnWagner,MO,Republican,Representative,Ann Wagner,Ann Wagner
RepBlaine,MO,Republican,Representative,Blaine Luetkemeyer,Blaine Luetkemeyer
RepHartzler,MO,Republican,Representative,Vicky Hartzler,Rep. Vicky Hartzler
repcleaver,MO,Democrat,Representative,Emanuel Cleaver,Rep. Emanuel Cleaver
RepSamGraves,MO,Republican,Representative,Sam Graves,Rep. Sam Graves
USRepLong,MO,Republican,Representative,Billy Long,U.S. Rep. Billy Long
RepJasonSmith,MO,Republican,Representative,Jason Smith,Rep. Jason Smith
SenatorTester,MT,Democrat,Senator,Jon Tester,Senator Jon Tester
SteveDaines,MT,Republican,Senator,Steve Daines,Steve Daines
GregForMontana,MT,Republican,Representative,Greg Gianforte,Greg Gianforte
SenSasse,NE,Republican,Senator,Ben Sasse,Senator Ben Sasse
SenatorFischer,NE,Republican,Senator,Deb Fischer,Senator Deb Fischer
JeffFortenberry,NE,Republican,Representative,Jeff Fortenberry,Jeff Fortenberry
RepDonBacon,NE,Republican,Representative,Don Bacon,Rep. Don Bacon
RepAdrianSmith,NE,Republican,Representative,Adrian Smith,Rep. Adrian Smith
SenJackyRosen,NV,Democrat,Senator,Jacky Rosen,Senator Jacky Rosen
CatherineForNV,NV,Democrat,Senator,Catherine Cortez Mastro,CatherineCortezMasto
repdinatitus,NV,Democrat,Representative,Dina Titus,Dina Titus
MarkAmodeiNV2,NV,Republican,Representative,Mark Amodei,RepMarkAmodei
RepSusieLee,NV,Democrat,Representative,Susie Lee,Rep. Susie Lee
RepHorsford,NV,Democrat,Representative,Steven Horsford,Rep. Steven Horsford
SenatorShaheen,NH,Democrat,Senator,Jeanne Shaheen,Sen. Jeanne Shaheen
Maggie_Hassan,NH,Democrat,Senator,Maggie Hassan,Maggie for NH
RepChrisPappas,NH,Democrat,Representative,Chris Pappas,Rep. Chris Pappas
RepAnnieKuster,NH,Democrat,Representative,Ann Kuster,Ann McLane Kuster
SenatorMenendez,NJ,Democrat,Senator,Robert Menendez,Senator Bob Menendez
CoryBooker,NJ,Democrat,Senator,Cory Booker,Cory Booker
DonNorcross4NJ,NJ,Democrat,Representative,Donald Norcross,Donald Norcross
JeffVanDrew,NJ,Democrat,Representative,Jefferson Van Drew,Sen. Jeff Van Drew
RepAndyKimNJ,NJ,Democrat,Representative,Andy Kim,RepAndyKim
RepChrisSmith,NJ,Republican,Representative,Chris Smith,Rep. Chris Smith
JoshGottheimer,NJ,Democrat,Representative,Josh Gottheimer,Josh Gottheimer
FrankPallone,NJ,Democrat,Representative,Frank Pallone Jr.,Rep. Frank Pallone
RepMalinowski,NJ,Democrat,Representative,Tom Malinowski,Rep. Tom Malinowski
RepSires,NJ,Democrat,Representative,Albio Sires,Albio Sires
BillPascrell,NJ,Democrat,Representative,Bill Pascrell Jr.,"Bill Pascrell, Jr."
RepDonaldPayne,NJ,Democrat,Representative,Donald Payne Jr.,Rep. Donald Payne Jr
RepSherrill,NJ,Democrat,Representative,Mikie Sherrill,Rep. Mikie Sherrill
RepBonnie,NJ,Democrat,Representative,Bonnie Watson Coleman,Rep. Bonnie Watson Coleman
SenatorTomUdall,NM,Democrat,Senator,Tom Udall,Tom Udall
MartinHeinrich,NM,Democrat,Senator,Martin Heinrich,Martin Heinrich
RepDebHaaland,NM,Democrat,Representative,Debra Haaland,Rep. Deb Haaland
RepTorresSmall,NM,Democrat,Representative,Xochiti Torres Small,Rep. Xochitl Torres Small
repbenraylujan,NM,Democrat,Representative,Ben R. Lujan,Ben Ray Luján
SenSchumer,NY,Democrat,Senator,Chuck Schumer,Chuck Schumer
SenGillibrand,NY,Democrat,Senator,Kirsten Gillibrand,Kirsten Gillibrand
RepLeeZeldin,NY,Republican,Representative,Lee Zeldin,Lee Zeldin
RepPeteKing,NY,Republican,Representative,Pete King,Rep. Pete King
Tom_Suozzi,NY,Democrat,Representative,Tom Suozzi,Tom Suozzi
RepKathleenRice,NY,Democrat,Representative,Kathleen Rice,Kathleen Rice
RepGregoryMeeks,NY,Democrat,Representative,Gregory W. Meeks,Rep. Gregory Meeks
RepGraceMeng,NY,Democrat,Representative,Grace Meng,Grace Meng
NydiaVelazquez,NY,Democrat,Representative,Nydia M. Velázquez,Rep. Nydia Velazquez
RepJeffries,NY,Democrat,Representative,Hakeem Jeffries,Hakeem Jeffries
RepYvetteClarke,NY,Democrat,Representative,Yvette D. Clarke,Yvette D. Clarke
RepJerryNadler,NY,Democrat,Representative,Jerrold Nadler,Rep. Nadler
RepMaxRose,NY,Democrat,Representative,Max Rose,Rep. Max Rose
RepMaloney,NY,Democrat,Representative,Carolyn Maloney,Carolyn  B. Maloney
EspaillatNY,NY,Democrat,Representative,Adriano Espaillat,Adriano Espaillat
RepAOC,NY,Democrat,Representative,Alexandria Ocasio-Cortez,Rep. Alexandria Ocasio-Cortez
RepJoseSerrano,NY,Democrat,Representative,José E. Serrano,José E. Serrano
RepEliotEngel,NY,Democrat,Representative,Eliot Engel,Eliot Engel
NitaLowey,NY,Democrat,Representative,Nita Lowey,Nita Lowey
RepSeanMaloney,NY,Democrat,Representative,Sean Patrick Maloney,Sean Patrick Maloney
RepDelgado,NY,Democrat,Representative,Antonio Delgado,Congressman Antonio Delgado
RepPaulTonko,NY,Democrat,Representative,Paul D. Tonko,Paul Tonko ⚫️
RepStefanik,NY,Republican,Representative,Elise Stefanik,Rep. Elise Stefanik
RepBrindisi,NY,Democrat,Representative,Anthony Brindisi,Rep. Anthony Brindisi
RepTomReed,NY,Republican,Representative,Tom Reed,Tom Reed
RepJohnKatko,NY,Republican,Representative,John Katko,Rep. John Katko
RepJoeMorelle,NY,Democrat,Representative,Joseph Morelle,Joe Morelle
RepBrianHiggins,NY,Democrat,Representative,Brian Higgins,Brian Higgins
SenThomTillis,NC,Republican,Senator,Thom Tillis,Senator Thom Tillis
SenatorBurr,NC,Republican,Senator,Richard Burr,Richard Burr
GKButterfield,NC,Democrat,Representative,G.K. Butterfield,G. K. Butterfield
GeorgeHolding,NC,Republican,Representative,George Holding,George Holding
RepGregMurphy,NC,Republican,Representative,Greg Murphy,Greg Murphy
RepDavidEPrice,NC,Democrat,Representative,David Price,Rep. David E. Price
virginiafoxx,NC,Republican,Representative,Virginia Foxx,Virginia Foxx
RepMarkWalker,NC,Republican,Representative,Mark Walker,Rep. Mark Walker
RepDavidRouzer,NC,Republican,Representative,David Rouzer,David Rouzer
RepRichHudson,NC,Republican,Representative,Richard Hudson,Richard Hudson
jdanbishop,NC,Republican,Representative,Dan Bishop,Congressman Dan Bishop
PatrickMcHenry,NC,Republican,Representative,Patrick T. McHenry,Patrick McHenry
RepAdams,NC,Democrat,Representative,Alma Adams,Alma S. Adams
BuddforCongress,NC,Republican,Representative,Ted Budd,Ted Budd
SenJohnHoeven,ND,Republican,Senator,John Hoeven,Senator John Hoeven
SenKevinCramer,ND,Republican,Senator,Kevin Cramer,Sen. Kevin Cramer
RepArmstrongND,ND,Republican,Representative,Kelly Armstrong,Congressman Kelly Armstrong
Kilili_Sablan,MP,Democrat,Representative,Gregorio Sablan,Del. Kilili Sablan
senrobportman,OH,Republican,Senator,Rob Portman,Rob Portman
SenSherrodBrown,OH,Democrat,Senator,Sherrod Brown,Sherrod Brown
RepSteveChabot,OH,Republican,Representative,Steve Chabot,Rep. Steve Chabot
RepBradWenstrup,OH,Republican,Representative,Brad Wenstrup,Rep. Brad Wenstrup
RepBeatty,OH,Democrat,Representative,Joyce Beatty,Joyce Beatty
Jim_Jordan,OH,Republican,Representative,Jim Jordan,Rep. Jim Jordan
boblatta,OH,Republican,Representative,Robert E. Latta,U.S. Rep. Bob Latta
RepBillJohnson,OH,Republican,Representative,Bill Johnson,Bill Johnson
RepBobGibbs,OH,Republican,Representative,Bob Gibbs,Rep. Bob Gibbs
WarrenDavidson,OH,Republican,Representative,Warren Davidson,Warren Davidson
RepMarcyKaptur,OH,Democrat,Representative,Marcy Kaptur,Marcy Kaptur
RepMikeTurner,OH,Republican,Representative,Michael Turner,US Rep. Mike Turner
RepMarciaFudge,OH,Democrat,Representative,Marcia L. Fudge,Rep. Marcia L. Fudge
RepBalderson,OH,Republican,Representative,Troy Balderson,Congressman Troy Balderson
RepTimRyan,OH,Democrat,Representative,Tim Ryan,Congressman Tim Ryan
RepDaveJoyce,OH,Republican,Representative,David Joyce,Dave Joyce
RepSteveStivers,OH,Republican,Representative,Steve Stivers,Steve Stivers
RepAGonzalez,OH,Republican,Representative,Anthony Gonzalez,Rep. Anthony Gonzalez
SenatorLankford,OK,Republican,Senator,James Lankford,Sen. James Lankford
InhofePress,OK,Republican,Senator,Jim Inhofe,Inhofe Press Office
RepKevinHern,OK,Republican,Representative,Kevin Hern,Kevin Hern
RepMullin,OK,Republican,Representative,Markwayne Mullin,Markwayne Mullin
RepFrankLucas,OK,Republican,Representative,Frank Lucas,Frank Lucas
TomColeOK04,OK,Republican,Representative,Tom Cole,Rep. Tom Cole
RepKendraHorn,OK,Democrat,Representative,Kendra Horn,Congresswoman Kendra Horn
RonWyden,OR,Democrat,Senator,Ron Wyden,Ron Wyden
SenJeffMerkley,OR,Democrat,Senator,Jeff Merkley,Senator Jeff Merkley
RepBonamici,OR,Democrat,Representative,Suzanne Bonamici,Suzanne Bonamici
repgregwalden,OR,Republican,Representative,Greg Walden,Rep. Greg Walden
repblumenauer,OR,Democrat,Representative,Earl Blumenauer,Earl Blumenauer
RepPeterDeFazio,OR,Democrat,Representative,Peter DeFazio,Rep Peter DeFazio
RepSchrader,OR,Democrat,Representative,Kurt Schrader,Rep. Kurt Schrader
Jenniffer2012,PR,Republican,Representative,Jenniffer Gonzalez-Colon,Jenniffer González
SenToomey,PA,Republican,Senator,Patrick Toomey,Senator Pat Toomey
SenBobCasey,PA,Democrat,Senator,Bob Jr. Casey,Senator Bob Casey
RepBrianFitz,PA,Republican,Representative,Brady Fitzpatrick,Rep. Brian Fitzpatrick
CongBoyle,PA,Democrat,Representative,Brendan Boyle,Rep. Brendan Boyle
RepDwightEvans,PA,Democrat,Representative,Dwight Evans,Dwight Evans #CountEveryVote
RepDean,PA,Democrat,Representative,Madeleine Dean,Congresswoman Madeleine Dean
RepMGS,PA,Democrat,Representative,Mary-Gay Scanlon,Congresswoman Mary Gay Scanlon
RepHoulahan,PA,Democrat,Representative,Chrissy Houlahan,Chrissy Houlahan
RepSusanWild,PA,Democrat,Representative,Susan Wild,Rep. Susan Wild
RepCartwright,PA,Democrat,Representative,Matt Cartwright,Matt Cartwright
RepMeuser,PA,Republican,Representative,Daniel Meuser,Congressman Dan Meuser
RepScottPerry,PA,Republican,Representative,Scott Perry,RepScottPerry
RepJohnJoyce,PA,Republican,Representative,John Joyce,John Joyce
GReschenthaler,PA,Republican,Representative,Guy Reschenthaler,Rep. Guy Reschenthaler
CongressmanGT,PA,Republican,Representative,Glenn Thompson,Glenn 'GT' Thompson
MikeKellyforPA,PA,Republican,Representative,Mike Kelly,Mike Kelly for Congress
RepConorLamb,PA,Democrat,Representative,Conor Lamb,Conor Lamb
USRepMikeDoyle,PA,Democrat,Representative,Michael Doyle,Mike Doyle
SenWhitehouse,RI,Democrat,Senator,Sheldon Whitehouse,Sheldon Whitehouse
SenJackReed,RI,Democrat,Senator,Jack Reed,Senator Jack Reed
RepCicilline,RI,Democrat,Representative,David Cicilline,Cicilline Press Office
jimlangevin,RI,Democrat,Representative,Jim Langevin,Jim Langevin
SenatorTimScott,SC,Republican,Senator,Tim Scott,Tim Scott
LindseyGrahamSC,SC,Republican,Senator,Lindsey Graham,Lindsey Graham
RepCunningham,SC,Democrat,Representative,Joe Cunningham,Rep. Joe Cunningham
RepJoeWilson,SC,Republican,Representative,Joe Wilson,Joe Wilson
RepJeffDuncan,SC,Republican,Representative,Jeff Duncan,Rep. Jeff Duncan
RepTimmons,SC,Republican,Representative,William Timmons,Congressman William Timmons
RepRalphNorman,SC,Republican,Representative,Ralph Norman,Rep. Ralph Norman
WhipClyburn,SC,Democrat,Representative,James E. Clyburn,James E. Clyburn
RepTomRice,SC,Republican,Representative,Tom Rice,Congressman Tom Rice
SenJohnThune,SD,Republican,Senator,John Thune,Senator John Thune
SenatorRounds,SD,Republican,Senator,Mike Rounds,Senator Mike Rounds
RepDustyJohnson,SD,Republican,Representative,Dusty Johnson,Rep. Dusty Johnson
MarshaBlackburn,TN,Republican,Senator,Marsha Blackburn,Sen. Marsha Blackburn
SenAlexander,TN,Republican,Senator,Lamar Alexander,Sen. Lamar Alexander
DrPhilRoe,TN,Republican,Representative,Phil Roe,Dr. Phil Roe
RepTimBurchett,TN,Republican,Representative,Tim Burchett,Rep. Tim Burchett
RepChuck,TN,Republican,Representative,Chuck Fleischmann,Chuck Fleischmann
DesJarlaisTN04,TN,Republican,Representative,Scott DesJarlais,Scott DesJarlais
repjimcooper,TN,Democrat,Representative,Jim Cooper,Jim Cooper
RepJohnRose,TN,Republican,Representative,John W. Rose,John Rose
RepMarkGreen,TN,Republican,Representative,Mark Green,Rep. Mark Green
DavidKustoff,TN,Republican,Representative,David Kustoff,David Kustoff
RepCohen,TN,Democrat,Representative,Steve Cohen,Steve Cohen
SenTedCruz,TX,Republican,Senator,Ted Cruz,Senator Ted Cruz
JohnCornyn,TX,Republican,Senator,John Cornyn,Senator John Cornyn
replouiegohmert,TX,Republican,Representative,Louie Gohmert,Louie Gohmert
RepDanCrenshaw,TX,Republican,Representative,Dan Crenshaw,Rep. Dan Crenshaw
RepVanTaylor,TX,Republican,Representative,Van Taylor,Rep Van Taylor
Lancegooden,TX,Republican,Representative,Lance Gooden,Lance Gooden
RepRonWright,TX,Republican,Representative,Ron Wright,Ron Wright
RepFletcher,TX,Democrat,Representative,Lizzie Fletcher,Rep. Lizzie Fletcher
RepKevinBrady,TX,Republican,Representative,Kevin Brady,Rep. Kevin Brady
RepAlGreen,TX,Democrat,Representative,Al Green,Congressman Al Green
RepMcCaul,TX,Republican,Representative,Michael T. McCaul,Michael McCaul
ConawayTX11,TX,Republican,Representative,K. Michael Conaway,Mike Conaway
RepKayGranger,TX,Republican,Representative,Kay Granger,Rep. Kay Granger
MacTXPress,TX,Republican,Representative,Mac Thornberry,Mac Thornberry Press
TXRandy14,TX,Republican,Representative,Randy Weber,Randy Weber
RepGonzalez,TX,Democrat,Representative,Vincente Gonzalez,Rep. Vicente Gonzalez
RepEscobar,TX,Democrat,Representative,Veronica Escobar,Rep. Veronica Escobar
RepBillFlores,TX,Republican,Representative,Bill Flores,U.S. Representative Bill Flores
JacksonLeeTX18,TX,Democrat,Representative,Sheila Jackson Lee,Sheila Jackson Lee
JodeyArrington,TX,Republican,Representative,Jodey Arrington,Jodey Arrington
JoaquinCastrotx,TX,Democrat,Representative,Joaquin Castro,Joaquin Castro
RepChipRoy,TX,Republican,Representative,Chip Roy,Rep. Chip Roy
PeteOlson,TX,Republican,Representative,Pete Olson,Pete Olson
HurdOnTheHill,TX,Republican,Representative,Will Hurd,Rep. Will Hurd
RepKenMarchant,TX,Republican,Representative,Kenny Marchant,Kenny Marchant
RepRWilliams,TX,Republican,Representative,Roger Williams,Rep. Roger Williams
michaelcburgess,TX,Republican,Representative,Michael Burgess,"Michael Burgess, MD"
RepCloudTX,TX,Republican,Representative,Michael Cloud,Congressman Michael Cloud
RepCuellar,TX,Democrat,Representative,Henry Cuellar,Rep. Henry Cuellar
RepSylviaGarcia,TX,Democrat,Representative,Sylvia Garcia,Rep. Sylvia Garcia
RepEBJ,TX,Democrat,Representative,Eddie Bernice Johnson,Rep. Eddie Bernice Johnson
JudgeCarter,TX,Republican,Representative,John Carter,Judge Carter
RepColinAllred,TX,Democrat,Representative,Colin Allred,Rep. Colin Allred
RepVeasey,TX,Democrat,Representative,Marc Veasey,Rep. Marc Veasey
RepFilemonVela,TX,Democrat,Representative,Filemon Vela,US Rep. Filemon Vela
RepLloydDoggett,TX,Democrat,Representative,Lloyd Doggett,Lloyd Doggett
RepBrianBabin,TX,Republican,Representative,Brian Babin,Brian Babin
SenMikeLee,UT,Republican,Senator,Mike Lee,Mike Lee
SenatorRomney,UT,Republican,Senator,Mitt Romney,Senator Mitt Romney
RepHalRogers,UT,Republican,Representative,Rob Bishop,Hal Rogers
RepChrisStewart,UT,Republican,Representative,Chris Stewart,Rep. Chris Stewart
RepJohnCurtis,UT,Republican,Representative,John R. Curtis,Rep. John Curtis
RepBenMcAdams,UT,Democrat,Representative,Ben McAdams,Rep. Ben McAdams
SenSanders,VT,Independent,Senator,Bernie Sanders,Bernie Sanders
PeterWelch,VT,Democrat,Representative,Peter Welch,Rep. Peter Welch
MarkWarner,VA,Democrat,Senator,Mark Warner,Mark Warner
timkaine,VA,Democrat,Senator,Tim Kaine,Tim Kaine
RobWittman,VA,Republican,Representative,Robert J. Wittman,Rep. Rob Wittman
RepElaineLuria,VA,Democrat,Representative,Elaine Luria,Rep. Elaine Luria
BobbyScott,VA,Democrat,Representative,Robert C. Scott,Rep. Bobby Scott
Donald_McEachin,VA,Democrat,Representative,Donald McEacchin,Donald McEachin
RepRiggleman,VA,Republican,Representative,Denver Riggleman,Congressman Denver Riggleman
RepBenCline,VA,Republican,Representative,Ben Cline,Congressman Ben Cline
RepSpanberger,VA,Democrat,Representative,Abigail Spanberger,Rep. Abigail Spanberger
RepDonBeyer,VA,Democrat,Representative,Don Beyer,Rep. Don Beyer
RepMGriffith,VA,Republican,Representative,Morgan Griffith,Morgan Griffith
RepWexton,VA,Democrat,Representative,Jennifer Wexton,Rep. Jennifer Wexton
GerryConnolly,VA,Democrat,Representative,Gerald E. “Gerry” Connolly,Rep. Gerry Connolly
StaceyPlaskett,VI,Democrat,Representative,Stacey Plaskett,Rep. Stacey Plaskett
PattyMurray,WA,Democrat,Senator,Patty Murray,Senator Patty Murray
SenatorCantwell,WA,Democrat,Senator,Maria Cantwell,Sen. Maria Cantwell
RepDelBene,WA,Democrat,Representative,Suzan DelBene,Rep. Suzan DelBene
RepRickLarsen,WA,Democrat,Representative,Rick Larsen,Rep. Rick Larsen
HerreraBeutler,WA,Republican,Representative,Jaime Herrera Beutler,Jaime Herrera Beutler
RepNewhouse,WA,Republican,Representative,Dan Newhouse,Rep. Dan Newhouse
cathymcmorris,WA,Republican,Representative,Cathy McMorris Rodgers,CathyMcMorrisRodgers
RepDerekKilmer,WA,Democrat,Representative,Derek Kilmer,Rep. Derek Kilmer
PramilaJayapal,WA,Democrat,Representative,Pramila Jayapal,Pramila Jayapal
RepKimSchrier,WA,Democrat,Representative,Kim Schrier,Rep. Kim Schrier
RepAdamSmith,WA,Democrat,Representative,Adam Smith,Rep. Adam Smith
RepDennyHeck,WA,Democrat,Representative,Denny Heck,Denny Heck
Sen_JoeManchin,WV,Democrat,Senator,Joe Manchin,Senator Joe Manchin
SenCapito,WV,Republican,Senator,Shelley Moore Capito,Shelley Moore Capito
RepMcKinley,WV,Republican,Representative,David McKinley,David B. McKinley
RepAlexMooney,WV,Republican,Representative,Alex Mooney,Rep. Alex Mooney
RepCarolMiller,WV,Republican,Representative,Carol Miller,Carol Miller
SenRonJohnson,WI,Republican,Senator,Ron Johnson,Senator Ron Johnson
SenatorBaldwin,WI,Democrat,Senator,Tammy Baldwin,Sen. Tammy Baldwin
RepBryanSteil,WI,Republican,Representative,Bryan Steil,Bryan Steil
repmarkpocan,WI,Democrat,Representative,Mark Pocan,Rep. Mark Pocan
RepRonKind,WI,Democrat,Representative,Ron Kind,Rep. Ron Kind
RepGwenMoore,WI,Democrat,Representative,Gwen Moore,Rep. Gwen Moore
JimPressOffice,WI,Republican,Representative,F. James Sensenbrenner,Sensenbrenner Press
RepGrothman,WI,Republican,Representative,Glenn Grothman,Rep. Glenn Grothman
TomTiffanyWI,WI,Republican,Representative,Thomas Tiffany,Tom Tiffany
MikeforWI,WI,Republican,Representative,Mike Gallagher,Mike Gallagher
SenatorEnzi,WY,Republican,Senator,Mike Enzi,Mike Enzi
SenJohnBarrasso,WY,Republican,Senator,John Barrasso,Sen. John Barrasso
Liz_Cheney,WY,Republican,Representative,Liz Cheney,Liz Cheney
realDonaldTrump,,Republican,POTUS,Donald J. Trump,Donald J. Trump
